Subject_ID,day,Age,Gender,Treatment_Group,MEM_comp
1021,0,44,M,C,-0.033898991
1021,5,44,M,C,-0.407396786
1021,19,44,M,C,-0.454025176
1021,90,44,M,C,-0.270395242
1022,0,40,M,B,-0.121810816
1022,90,40,M,B,0.27075462
1023,0,52,F,A,0.855949117
1023,5,52,F,A,1.035490739
1023,19,52,F,A,1.046295152
1024,0,50,M,A,0.723670909
1024,5,50,M,A,0.220125106
1024,19,50,M,A,0.009468395
1024,90,50,M,A,0.879046351
1026,0,44,F,A,0.549256669
1026,5,44,F,A,-0.11113052
1026,19,44,F,A,-0.917570485
1026,90,44,F,A,-0.371962269
1027,0,46,M,C,-0.531297809
1027,5,46,M,C,0.095730201
1027,19,46,M,C,-0.353137077
1027,90,46,M,C,0.05437441
1028,0,34,M,B,1.635890494
1028,5,34,M,B,1.666628862
1028,19,34,M,B,1.738804058
1028,90,34,M,B,1.276118257
1029,0,48,M,B,-0.70932714
1029,5,48,M,B,-0.860413162
1029,19,48,M,B,-0.513160733
1029,90,48,M,B,-0.752921831
1030,0,40,F,B,-0.868341085
1030,5,40,F,B,-1.960648977
1030,19,40,F,B,-1.372218162
1030,90,40,F,B,-1.080825788
1031,0,38,F,C,0.30716013
1031,19,38,F,C,0.694197909
1031,90,38,F,C,0.865612544
1032,0,38,M,A,1.094474773
1032,5,38,M,A,0.468857972
1034,0,41,M,A,-0.23832118
1034,5,41,M,A,-1.410338749
1034,19,41,M,A,-0.815325487
1034,90,41,M,A,-1.025253805
1035,0,33,F,C,0.256847485
1035,5,33,F,C,0.217375739
1035,19,33,F,C,0.793679642
1035,90,33,F,C,0.706050976
1036,0,41,M,B,-0.224320966
1036,5,41,M,B,0.818012227
1036,19,41,M,B,-0.419996117
1036,90,41,M,B,0.97200493
1037,0,54,M,A,-1.546691041
1037,5,54,M,A,-1.169324692
1037,19,54,M,A,-1.646185135
1038,0,20,F,A,-0.875468967
1038,5,20,F,A,-0.047901001
1038,19,20,F,A,0.117141803
1041,0,29,F,C,1.127041919
1041,5,29,F,C,0.928925056
1042,0,33,F,A,-0.116613417
1042,5,33,F,A,-1.037881201
1042,90,33,F,A,-0.890785762
1044,0,31,F,C,0.165285459
1044,5,31,F,C,1.499130599
1045,0,54,M,C,-0.109073941
1045,5,54,M,C,0.331125106
1045,19,54,M,C,0.826844284
1046,0,32,F,A,0.79208616
1046,5,32,F,A,0.687658115
1046,19,32,F,A,0.65099054
1047,0,28,F,B,1.472453657
1047,5,28,F,B,1.671013368
1048,0,36,M,C,0.545010222
1048,5,36,M,C,0.360348993
1048,19,36,M,C,0.450143975
1048,90,36,M,C,0.087413484
1049,0,41,F,B,0.473139688
1049,5,41,F,B,0.936177277
1049,19,41,F,B,1.115221436
1049,90,41,F,B,0.590500752
1053,0,28,F,A,-1.339212207
1053,5,28,F,A,-1.348319477
1053,19,28,F,A,-1.04159182
1053,90,28,F,A,-1.04159182
1054,0,41,F,C,0.4487187
1054,5,41,F,C,0.444766449
1054,19,41,F,C,0.592731972
1054,90,41,F,C,-0.294976285
1055,0,41,M,A,0.845039464
1055,5,41,M,A,1.210443809
1055,19,41,M,A,0.563217114
1056,0,27,M,B,-0.040922508
1056,5,27,M,B,0.327572914
1056,19,27,M,B,0.469138465
1057,0,48,M,C,0.199018965
1057,5,48,M,C,0.400668264
1057,19,48,M,C,0.239538252
1057,90,48,M,C,0.412468776
1058,0,49,F,B,-1.279287152
1058,5,49,F,B,-3.185865809
1058,90,49,F,B,-2.109481025
1061,0,21,M,B,-1.044201153
1061,5,21,M,B,-1.871329954
1061,19,21,M,B,-1.239358585
1061,90,21,M,B,-1.59751137
1062,0,47,F,B,1.218090631
1062,5,47,F,B,1.170736153
1062,90,47,F,B,1.417607172
1065,0,39,F,A,1.266054506
1065,5,39,F,A,1.006377665
1065,90,39,F,A,0.481804082
1066,0,46,M,C,-0.728632319
1066,5,46,M,C,-0.337849743
1066,19,46,M,C,0.458452054
1066,90,46,M,C,-0.305630913
1067,0,27,F,C,-0.297616355
1067,5,27,F,C,-0.065392349
1067,19,27,F,C,0.378866058
1067,90,27,F,C,-0.995319044
1068,0,38,F,B,0.181813967
1068,5,38,F,B,-0.084191715
1068,19,38,F,B,0.122111014
1068,90,38,F,B,0.5473942
1069,0,43,M,A,-0.663875902
1069,5,43,M,A,-0.227435262
1069,19,43,M,A,-1.008566546
1069,90,43,M,A,-0.890008391
1070,0,50,M,A,0.943500371
1070,5,50,M,A,0.719780435
1070,19,50,M,A,1.171445939
1070,90,50,M,A,-0.108031217
1071,0,23,M,C,-0.424725047
1071,5,23,M,C,0.69159887
1071,19,23,M,C,1.262693246
1074,0,52,F,A,-1.361110459
1074,5,52,F,A,-1.1889062
1074,19,52,F,A,-2.039856254
1074,90,52,F,A,-0.889600709
1077,0,40,M,C,0.018498375
1077,5,40,M,C,0.311243351
1077,19,40,M,C,0.12391164
1078,0,34,M,A,0.398963055
1078,5,34,M,A,0.661794954
1078,19,34,M,A,0.874027213
1078,90,34,M,A,0.62839514
1079,0,27,M,B,0.663039693
1079,5,27,M,B,0.490703105
1079,19,27,M,B,0.227512105
1082,0,54,M,C,-1.390588838
1082,5,54,M,C,-0.640640283
1082,19,54,M,C,-0.951897689
1082,90,54,M,C,-0.637433697
1083,0,42,F,C,-1.191731126
1083,5,42,F,C,-1.556428829
1084,0,35,F,A,-0.194149287
1084,5,35,F,A,0.036123779
1084,90,35,F,A,0.603653393
1088,0,45,M,B,-0.849785123
1088,5,45,M,B,-0.622294073
