subject_id,age,gender,treatment_group,day,mem_comp,tx,bl_mem_comp
1021,44,M,C,5,-0.407396786,High dose,-0.033898991
1021,44,M,C,19,-0.454025176,High dose,-0.033898991
1021,44,M,C,90,-0.270395242,High dose,-0.033898991
1022,40,M,B,5,NA,Low dose,-0.121810816
1022,40,M,B,19,NA,Low dose,-0.121810816
1022,40,M,B,90,0.27075462,Low dose,-0.121810816
1023,52,F,A,5,1.035490739,Placebo,0.855949117
1023,52,F,A,19,1.046295152,Placebo,0.855949117
1023,52,F,A,90,NA,Placebo,0.855949117
1024,50,M,A,5,0.220125106,Placebo,0.723670909
1024,50,M,A,19,0.009468395,Placebo,0.723670909
1024,50,M,A,90,0.879046351,Placebo,0.723670909
1026,44,F,A,5,-0.11113052,Placebo,0.549256669
1026,44,F,A,19,-0.917570485,Placebo,0.549256669
1026,44,F,A,90,-0.371962269,Placebo,0.549256669
1027,46,M,C,5,0.095730201,High dose,-0.531297809
1027,46,M,C,19,-0.353137077,High dose,-0.531297809
1027,46,M,C,90,0.05437441,High dose,-0.531297809
1028,34,M,B,5,1.666628862,Low dose,1.635890494
1028,34,M,B,19,1.738804058,Low dose,1.635890494
1028,34,M,B,90,1.276118257,Low dose,1.635890494
1029,48,M,B,5,-0.860413162,Low dose,-0.70932714
1029,48,M,B,19,-0.513160733,Low dose,-0.70932714
1029,48,M,B,90,-0.752921831,Low dose,-0.70932714
1030,40,F,B,5,-1.960648977,Low dose,-0.868341085
1030,40,F,B,19,-1.372218162,Low dose,-0.868341085
1030,40,F,B,90,-1.080825788,Low dose,-0.868341085
1031,38,F,C,5,NA,High dose,0.30716013
1031,38,F,C,19,0.694197909,High dose,0.30716013
1031,38,F,C,90,0.865612544,High dose,0.30716013
1032,38,M,A,5,0.468857972,Placebo,1.094474773
1032,38,M,A,19,NA,Placebo,1.094474773
1032,38,M,A,90,NA,Placebo,1.094474773
1034,41,M,A,5,-1.410338749,Placebo,-0.23832118
1034,41,M,A,19,-0.815325487,Placebo,-0.23832118
1034,41,M,A,90,-1.025253805,Placebo,-0.23832118
1035,33,F,C,5,0.217375739,High dose,0.256847485
1035,33,F,C,19,0.793679642,High dose,0.256847485
1035,33,F,C,90,0.706050976,High dose,0.256847485
1036,41,M,B,5,0.818012227,Low dose,-0.224320966
1036,41,M,B,19,-0.419996117,Low dose,-0.224320966
1036,41,M,B,90,0.97200493,Low dose,-0.224320966
1037,54,M,A,5,-1.169324692,Placebo,-1.546691041
1037,54,M,A,19,-1.646185135,Placebo,-1.546691041
1037,54,M,A,90,NA,Placebo,-1.546691041
1038,20,F,A,5,-0.047901001,Placebo,-0.875468967
1038,20,F,A,19,0.117141803,Placebo,-0.875468967
1038,20,F,A,90,NA,Placebo,-0.875468967
1041,29,F,C,5,0.928925056,High dose,1.127041919
1041,29,F,C,19,NA,High dose,1.127041919
1041,29,F,C,90,NA,High dose,1.127041919
1042,33,F,A,5,-1.037881201,Placebo,-0.116613417
1042,33,F,A,19,NA,Placebo,-0.116613417
1042,33,F,A,90,-0.890785762,Placebo,-0.116613417
1044,31,F,C,5,1.499130599,High dose,0.165285459
1044,31,F,C,19,NA,High dose,0.165285459
1044,31,F,C,90,NA,High dose,0.165285459
1045,54,M,C,5,0.331125106,High dose,-0.109073941
1045,54,M,C,19,0.826844284,High dose,-0.109073941
1045,54,M,C,90,NA,High dose,-0.109073941
1046,32,F,A,5,0.687658115,Placebo,0.79208616
1046,32,F,A,19,0.65099054,Placebo,0.79208616
1046,32,F,A,90,NA,Placebo,0.79208616
1047,28,F,B,5,1.671013368,Low dose,1.472453657
1047,28,F,B,19,NA,Low dose,1.472453657
1047,28,F,B,90,NA,Low dose,1.472453657
1048,36,M,C,5,0.360348993,High dose,0.545010222
1048,36,M,C,19,0.450143975,High dose,0.545010222
1048,36,M,C,90,0.087413484,High dose,0.545010222
1049,41,F,B,5,0.936177277,Low dose,0.473139688
1049,41,F,B,19,1.115221436,Low dose,0.473139688
1049,41,F,B,90,0.590500752,Low dose,0.473139688
1053,28,F,A,5,-1.348319477,Placebo,-1.339212207
1053,28,F,A,19,-1.04159182,Placebo,-1.339212207
1053,28,F,A,90,-1.04159182,Placebo,-1.339212207
1054,41,F,C,5,0.444766449,High dose,0.4487187
1054,41,F,C,19,0.592731972,High dose,0.4487187
1054,41,F,C,90,-0.294976285,High dose,0.4487187
1055,41,M,A,5,1.210443809,Placebo,0.845039464
1055,41,M,A,19,0.563217114,Placebo,0.845039464
1055,41,M,A,90,NA,Placebo,0.845039464
1056,27,M,B,5,0.327572914,Low dose,-0.040922508
1056,27,M,B,19,0.469138465,Low dose,-0.040922508
1056,27,M,B,90,NA,Low dose,-0.040922508
1057,48,M,C,5,0.400668264,High dose,0.199018965
1057,48,M,C,19,0.239538252,High dose,0.199018965
1057,48,M,C,90,0.412468776,High dose,0.199018965
1058,49,F,B,5,-3.185865809,Low dose,-1.279287152
1058,49,F,B,19,NA,Low dose,-1.279287152
1058,49,F,B,90,-2.109481025,Low dose,-1.279287152
1061,21,M,B,5,-1.871329954,Low dose,-1.044201153
1061,21,M,B,19,-1.239358585,Low dose,-1.044201153
1061,21,M,B,90,-1.59751137,Low dose,-1.044201153
1062,47,F,B,5,1.170736153,Low dose,1.218090631
1062,47,F,B,19,NA,Low dose,1.218090631
1062,47,F,B,90,1.417607172,Low dose,1.218090631
1065,39,F,A,5,1.006377665,Placebo,1.266054506
1065,39,F,A,19,NA,Placebo,1.266054506
1065,39,F,A,90,0.481804082,Placebo,1.266054506
1066,46,M,C,5,-0.337849743,High dose,-0.728632319
1066,46,M,C,19,0.458452054,High dose,-0.728632319
1066,46,M,C,90,-0.305630913,High dose,-0.728632319
1067,27,F,C,5,-0.065392349,High dose,-0.297616355
1067,27,F,C,19,0.378866058,High dose,-0.297616355
1067,27,F,C,90,-0.995319044,High dose,-0.297616355
1068,38,F,B,5,-0.084191715,Low dose,0.181813967
1068,38,F,B,19,0.122111014,Low dose,0.181813967
1068,38,F,B,90,0.5473942,Low dose,0.181813967
1069,43,M,A,5,-0.227435262,Placebo,-0.663875902
1069,43,M,A,19,-1.008566546,Placebo,-0.663875902
1069,43,M,A,90,-0.890008391,Placebo,-0.663875902
1070,50,M,A,5,0.719780435,Placebo,0.943500371
1070,50,M,A,19,1.171445939,Placebo,0.943500371
1070,50,M,A,90,-0.108031217,Placebo,0.943500371
1071,23,M,C,5,0.69159887,High dose,-0.424725047
1071,23,M,C,19,1.262693246,High dose,-0.424725047
1071,23,M,C,90,NA,High dose,-0.424725047
1074,52,F,A,5,-1.1889062,Placebo,-1.361110459
1074,52,F,A,19,-2.039856254,Placebo,-1.361110459
1074,52,F,A,90,-0.889600709,Placebo,-1.361110459
1077,40,M,C,5,0.311243351,High dose,0.018498375
1077,40,M,C,19,0.12391164,High dose,0.018498375
1077,40,M,C,90,NA,High dose,0.018498375
1078,34,M,A,5,0.661794954,Placebo,0.398963055
1078,34,M,A,19,0.874027213,Placebo,0.398963055
1078,34,M,A,90,0.62839514,Placebo,0.398963055
1079,27,M,B,5,0.490703105,Low dose,0.663039693
1079,27,M,B,19,0.227512105,Low dose,0.663039693
1079,27,M,B,90,NA,Low dose,0.663039693
1082,54,M,C,5,-0.640640283,High dose,-1.390588838
1082,54,M,C,19,-0.951897689,High dose,-1.390588838
1082,54,M,C,90,-0.637433697,High dose,-1.390588838
1083,42,F,C,5,-1.556428829,High dose,-1.191731126
1083,42,F,C,19,NA,High dose,-1.191731126
1083,42,F,C,90,NA,High dose,-1.191731126
1084,35,F,A,5,0.036123779,Placebo,-0.194149287
1084,35,F,A,19,NA,Placebo,-0.194149287
1084,35,F,A,90,0.603653393,Placebo,-0.194149287
1088,45,M,B,5,-0.622294073,Low dose,-0.849785123
1088,45,M,B,19,NA,Low dose,-0.849785123
1088,45,M,B,90,NA,Low dose,-0.849785123
